viewCount,avg_top_similarity
32355,0.1164361160294568
17278,0.1164361160294568
11549,0.1164361160294568
44537,0.1164361160294568
28442,0.1164361160294568
22977,0.1164361160294568
35377,0.1413288212041294
67476,0.1413288212041294
11570,0.1413288212041294
62189,0.1413288212041294
62775,0.1413288212041294
10062,0.1413288212041294
48533,0.1413288212041294
43425,0.1413288212041294
36823,0.1330885069686517
39388,0.1330885069686517
66251,0.1330885069686517
15374,0.1330885069686517
14915,0.1330885069686517
35671,0.1330885069686517
16486,0.1330885069686517
31416,0.1330885069686517
33110,0.1330885069686517
49763,0.1330885069686517
14566,0.1330885069686517
39028,0.20598070842284696
44150,0.20598070842284696
22083,0.20598070842284696
53125,0.20598070842284696
29342,0.20598070842284696
29425,0.20598070842284696
10334,0.20598070842284696
16300,0.20598070842284696
13661,0.20598070842284696
11699,0.20598070842284696
11254,0.20598070842284696
25620,0.20598070842284696
15749,0.20598070842284696
41851,0.21982000610623695
10209,0.21982000610623695
40177,0.21982000610623695
14513,0.21982000610623695
10744,0.21982000610623695
58116,0.21982000610623695
13399,0.21982000610623695
12499,0.21982000610623695
16779,0.21982000610623695
41325,0.21982000610623695
12129,0.21982000610623695
53977,0.21982000610623695
64869,0.21982000610623695
29713,0.21982000610623695
25569,0.0962120795808031
33224,0.0962120795808031
15981,0.0962120795808031
16914,0.0962120795808031
41274,0.0962120795808031
14483,0.0962120795808031
33451,0.0962120795808031
22510,0.0962120795808031
17854,0.0962120795808031
17902,0.0962120795808031
55081,0.0962120795808031
29230,0.0962120795808031
65067,0.0962120795808031
12363,0.0962120795808031
14398,0.0962120795808031
10812,0.0962120795808031
11377,0.13528138368127676
10231,0.13528138368127676
45721,0.13528138368127676
21910,0.13528138368127676
25326,0.13528138368127676
11239,0.13528138368127676
30107,0.13528138368127676
33878,0.13528138368127676
42288,0.13528138368127676
35709,0.1313081755645249
21838,0.1313081755645249
70182,0.1313081755645249
11829,0.1313081755645249
21957,0.1313081755645249
13030,0.1313081755645249
27518,0.1313081755645249
33718,0.1313081755645249
43177,0.1313081755645249
17689,0.1313081755645249
14340,0.1313081755645249
30994,0.1313081755645249
52781,0.1313081755645249
39983,0.1313081755645249
11994,0.1313081755645249
57491,0.1313081755645249
36512,0.1313081755645249
16111,0.1313081755645249
46745,0.1313081755645249
13274,0.1313081755645249
32995,0.056381742323081935
53992,0.056381742323081935
20854,0.056381742323081935
18986,0.056381742323081935
24978,0.056381742323081935
41453,0.056381742323081935
12893,0.056381742323081935
26875,0.056381742323081935
32379,0.056381742323081935
27389,0.056381742323081935
13729,0.056381742323081935
21064,0.056381742323081935
29611,0.056381742323081935
21366,0.056381742323081935
19343,0.056381742323081935
10452,0.056381742323081935
26261,0.056381742323081935
35380,0.056381742323081935
13234,0.056381742323081935
34004,0.056381742323081935
41865,0.056381742323081935
9993,0.18113195761526277
14993,0.18113195761526277
45438,0.18113195761526277
15955,0.18113195761526277
12182,0.18113195761526277
29033,0.18113195761526277
36631,0.18113195761526277
38425,0.18113195761526277
21005,0.18113195761526277
25807,0.18113195761526277
10106,0.18113195761526277
21726,0.18113195761526277
37523,0.18113195761526277
22635,0.18113195761526277
17221,0.18113195761526277
10324,0.18113195761526277
24856,0.18113195761526277
24750,0.18113195761526277
14601,0.18113195761526277
15058,0.18113195761526277
10964,0.18113195761526277
10844,0.18113195761526277
12274,0.18113195761526277
51076,0.18113195761526277
12789,0.18113195761526277
10560,0.18113195761526277
16442,0.18113195761526277
21255,0.18113195761526277
10832,0.18113195761526277
37462,0.18113195761526277
45196,0.18113195761526277
12050,0.18113195761526277
19451,0.18113195761526277
31881,0.18113195761526277
17381,0.18113195761526277
12074,0.18113195761526277
12248,0.18113195761526277
17324,0.18113195761526277
19923,0.18113195761526277
16519,0.18113195761526277
10666,0.18113195761526277
12252,0.18113195761526277
21364,0.18113195761526277
21960,0.18113195761526277
47562,0.18113195761526277
10562,0.18113195761526277
17886,0.18113195761526277
34596,0.18113195761526277
35449,0.18113195761526277
12551,0.18113195761526277
53360,0.18113195761526277
12801,0.18113195761526277
13133,0.18113195761526277
20726,0.18113195761526277
32818,0.18113195761526277
17431,0.18113195761526277
13444,0.18113195761526277
59372,0.18113195761526277
25636,0.18113195761526277
10034,0.18113195761526277
55730,0.18113195761526277
35381,0.18113195761526277
23256,0.18113195761526277
17438,0.18113195761526277
39074,0.13399591320188095
18976,0.13399591320188095
33655,0.13399591320188095
13133,0.13399591320188095
37961,0.13399591320188095
19151,0.13399591320188095
54259,0.13399591320188095
66831,0.13399591320188095
11999,0.13399591320188095
26416,0.13399591320188095
27812,0.13399591320188095
21760,0.13399591320188095
10341,0.13399591320188095
39417,0.13399591320188095
32420,0.13399591320188095
26065,0.13399591320188095
10352,0.13399591320188095
11786,0.13399591320188095
22411,0.09476838658257859
30466,0.09476838658257859
21435,0.09476838658257859
10304,0.09476838658257859
13027,0.09476838658257859
26312,0.09476838658257859
11082,0.09476838658257859
30102,0.09476838658257859
29426,0.09476838658257859
27413,0.09476838658257859
37212,0.09476838658257859
17295,0.09476838658257859
14114,0.09476838658257859
67125,0.09476838658257859
70231,0.09476838658257859
19797,0.09476838658257859
16073,0.09476838658257859
18079,0.09476838658257859
61033,0.09476838658257859
22107,0.096417735378864
11131,0.096417735378864
71194,0.096417735378864
28280,0.096417735378864
14644,0.096417735378864
18833,0.096417735378864
21582,0.096417735378864
21556,0.096417735378864
44034,0.096417735378864
58324,0.096417735378864
12657,0.096417735378864
16812,0.096417735378864
49727,0.2169470249466726
50143,0.2169470249466726
16143,0.2169470249466726
20993,0.2169470249466726
29940,0.2169470249466726
21597,0.2169470249466726
40809,0.2169470249466726
13551,0.2169470249466726
13882,0.2169470249466726
13425,0.2169470249466726
11714,0.2169470249466726
18769,0.12388868904273083
22328,0.12388868904273083
42332,0.12388868904273083
13334,0.12388868904273083
33310,0.12388868904273083
17350,0.12388868904273083
24487,0.12388868904273083
38815,0.12388868904273083
15305,0.12388868904273083
24628,0.12388868904273083
43949,0.12388868904273083
48850,0.12388868904273083
11945,0.12388868904273083
15696,0.12388868904273083
44986,0.12388868904273083
31302,0.12388868904273083
52779,0.12388868904273083
44516,0.12388868904273083
12284,0.12388868904273083
32915,0.12388868904273083
14696,0.12388868904273083
22975,0.12388868904273083
16073,0.12388868904273083
13602,0.11330559435987864
15005,0.11330559435987864
11169,0.11330559435987864
16964,0.11330559435987864
44650,0.11330559435987864
10048,0.11330559435987864
11455,0.11330559435987864
16973,0.11330559435987864
35462,0.11330559435987864
11452,0.11330559435987864
24660,0.11330559435987864
41694,0.11330559435987864
49567,0.11330559435987864
20465,0.11330559435987864
27518,0.11330559435987864
35821,0.17437545563607337
34845,0.17437545563607337
12146,0.17437545563607337
12953,0.17437545563607337
11501,0.17437545563607337
25495,0.17437545563607337
16996,0.17437545563607337
11007,0.17437545563607337
22605,0.17437545563607337
20000,0.17437545563607337
19770,0.17437545563607337
11180,0.17437545563607337
68012,0.17437545563607337
18387,0.17437545563607337
21464,0.17437545563607337
27239,0.1474760059623549
16319,0.1474760059623549
16945,0.1474760059623549
30214,0.1474760059623549
38718,0.1474760059623549
17349,0.1474760059623549
37839,0.1474760059623549
32083,0.1474760059623549
20065,0.1474760059623549
20842,0.1474760059623549
14510,0.1474760059623549
21138,0.15035358521767825
16473,0.15035358521767825
15313,0.15035358521767825
11357,0.15035358521767825
10284,0.15035358521767825
47203,0.15035358521767825
26370,0.15035358521767825
26513,0.15035358521767825
30079,0.15035358521767825
9988,0.15035358521767825
12448,0.15035358521767825
17334,0.15035358521767825
18640,0.15035358521767825
21866,0.15035358521767825
17731,0.15035358521767825
11232,0.15035358521767825
37392,0.15035358521767825
69402,0.15035358521767825
11434,0.15035358521767825
18491,0.15035358521767825
20014,0.15035358521767825
10342,0.12412579252716373
43021,0.12412579252716373
32217,0.12412579252716373
40697,0.12412579252716373
14520,0.12412579252716373
51896,0.12412579252716373
31417,0.12412579252716373
10820,0.12412579252716373
39238,0.12412579252716373
36637,0.12412579252716373
70478,0.12412579252716373
23333,0.12412579252716373
30175,0.12412579252716373
30545,0.12412579252716373
57198,0.12412579252716373
56218,0.12412579252716373
14354,0.12412579252716373
13236,0.12412579252716373
51512,0.12412579252716373
29554,0.149393639813656
14389,0.149393639813656
47307,0.149393639813656
14367,0.149393639813656
19293,0.149393639813656
28933,0.149393639813656
21924,0.149393639813656
15956,0.149393639813656
10859,0.149393639813656
10284,0.149393639813656
29406,0.149393639813656
12161,0.149393639813656
66670,0.149393639813656
15897,0.149393639813656
13996,0.149393639813656
22533,0.149393639813656
13119,0.149393639813656
10833,0.149393639813656
10511,0.149393639813656
15419,0.149393639813656
14417,0.149393639813656
17946,0.12743864651702666
16894,0.12743864651702666
18490,0.12743864651702666
13957,0.12743864651702666
27135,0.12743864651702666
58946,0.12743864651702666
36836,0.12743864651702666
13016,0.12743864651702666
22059,0.12743864651702666
20708,0.12743864651702666
24044,0.12743864651702666
30684,0.12743864651702666
17081,0.12743864651702666
32169,0.12743864651702666
16621,0.12743864651702666
19909,0.12743864651702666
12929,0.12743864651702666
35700,0.10815383935419641
32048,0.10815383935419641
14009,0.10815383935419641
32318,0.10815383935419641
12389,0.10815383935419641
12784,0.10815383935419641
24276,0.10815383935419641
13944,0.10815383935419641
41669,0.10815383935419641
64338,0.10815383935419641
21323,0.10815383935419641
19593,0.10815383935419641
14212,0.10815383935419641
26054,0.10815383935419641
27995,0.10815383935419641
12865,0.10815383935419641
10707,0.10815383935419641
11976,0.10815383935419641
45479,0.10815383935419641
21866,0.10815383935419641
17673,0.10815383935419641
26543,0.1198368912286107
10423,0.1198368912286107
10139,0.1198368912286107
13501,0.1198368912286107
12641,0.1198368912286107
10426,0.1198368912286107
11655,0.1198368912286107
10069,0.1198368912286107
12626,0.1198368912286107
10821,0.1198368912286107
10234,0.1198368912286107
16569,0.1198368912286107
14761,0.1198368912286107
16003,0.1198368912286107
23167,0.1198368912286107
19255,0.1198368912286107
36406,0.1198368912286107
11298,0.1198368912286107
15678,0.10158021715517766
11925,0.10158021715517766
18400,0.10158021715517766
15086,0.10158021715517766
12997,0.09315118208529416
10202,0.09315118208529416
16010,0.09315118208529416
37414,0.09315118208529416
13029,0.09315118208529416
13865,0.09315118208529416
37643,0.09315118208529416
14414,0.09315118208529416
13642,0.11538751728791984
44072,0.11538751728791984
28313,0.11538751728791984
18518,0.11538751728791984
62326,0.11538751728791984
58800,0.11538751728791984
25569,0.11538751728791984
17758,0.11538751728791984
42136,0.11538751728791984
23933,0.10329100137074815
11539,0.10329100137074815
21130,0.10329100137074815
42091,0.10329100137074815
14822,0.10329100137074815
15067,0.10329100137074815
15439,0.10329100137074815
11092,0.10329100137074815
10651,0.12739121877739287
31683,0.12739121877739287
60263,0.12739121877739287
24867,0.12739121877739287
17811,0.12739121877739287
10350,0.12739121877739287
16514,0.12739121877739287
13955,0.12739121877739287
10909,0.12739121877739287
33855,0.12739121877739287
17980,0.12739121877739287
14163,0.12739121877739287
21265,0.12739121877739287
18983,0.12739121877739287
19919,0.12739121877739287
12184,0.12739121877739287
20465,0.12739121877739287
13895,0.12739121877739287
44121,0.12739121877739287
10994,0.12739121877739287
32254,0.12739121877739287
21196,0.12739121877739287
12183,0.12739121877739287
14288,0.11550184776502688
15341,0.11550184776502688
30250,0.11550184776502688
14900,0.11550184776502688
10345,0.11550184776502688
12521,0.11550184776502688
12818,0.11550184776502688
12940,0.11550184776502688
30258,0.11550184776502688
13265,0.11550184776502688
55114,0.11550184776502688
28150,0.08343828451073142
18262,0.08343828451073142
30300,0.08343828451073142
10394,0.08343828451073142
16473,0.08343828451073142
12229,0.08343828451073142
17747,0.08343828451073142
36237,0.08343828451073142
9997,0.08343828451073142
12549,0.08343828451073142
61536,0.08343828451073142
61456,0.10968570046449651
35450,0.10968570046449651
23008,0.10968570046449651
30193,0.10968570046449651
10533,0.10968570046449651
11326,0.10968570046449651
26242,0.10968570046449651
13942,0.10968570046449651
19674,0.10968570046449651
11994,0.10968570046449651
43546,0.10968570046449651
18081,0.10968570046449651
33910,0.10968570046449651
13934,0.15087977400015987
13593,0.15087977400015987
54813,0.15087977400015987
25368,0.15087977400015987
11590,0.15087977400015987
31318,0.15087977400015987
15291,0.15087977400015987
14242,0.15087977400015987
14809,0.15087977400015987
10696,0.15087977400015987
26410,0.15087977400015987
20197,0.15087977400015987
23380,0.15087977400015987
10318,0.1322881406251937
10844,0.1322881406251937
52144,0.1322881406251937
11086,0.1322881406251937
14129,0.1322881406251937
13868,0.1322881406251937
22822,0.1322881406251937
10188,0.1322881406251937
61129,0.1322881406251937
10809,0.1322881406251937
20197,0.1322881406251937
17969,0.1322881406251937
10465,0.1322881406251937
26295,0.1322881406251937
16116,0.12619566581326694
29338,0.12619566581326694
14748,0.12619566581326694
11341,0.12619566581326694
14493,0.12619566581326694
13973,0.12619566581326694
11559,0.12619566581326694
16306,0.12619566581326694
28221,0.12619566581326694
12270,0.12619566581326694
13958,0.06286920576192744
23841,0.06286920576192744
13428,0.06286920576192744
18583,0.06286920576192744
59196,0.06286920576192744
14796,0.06286920576192744
13723,0.06286920576192744
44686,0.06286920576192744
23968,0.06286920576192744
13839,0.05875880205838282
18705,0.05875880205838282
15058,0.05875880205838282
12348,0.113784032410296
56605,0.113784032410296
11772,0.113784032410296
11531,0.113784032410296
18756,0.113784032410296
14788,0.113784032410296
13549,0.113784032410296
17918,0.1034643675668128
22623,0.1034643675668128
36152,0.1034643675668128
33096,0.1034643675668128
11105,0.14265495780479373
22711,0.14265495780479373
14157,0.14265495780479373
10573,0.14265495780479373
10544,0.14265495780479373
22735,0.14265495780479373
66573,0.14265495780479373
12157,0.1526658210039905
23412,0.1526658210039905
21102,0.1526658210039905
51367,0.1526658210039905
18466,0.1526658210039905
34865,0.1526658210039905
31040,0.1526658210039905
10645,0.1526658210039905
29020,0.1526658210039905
25607,0.1526658210039905
18710,0.1526658210039905
41728,0.1526658210039905
13717,0.1526658210039905
22429,0.1526658210039905
60781,0.1526658210039905
12205,0.11594032173990317
36641,0.11594032173990317
18011,0.11594032173990317
62906,0.11594032173990317
54834,0.11594032173990317
10848,0.11594032173990317
25994,0.11594032173990317
16123,0.11594032173990317
15460,0.11594032173990317
11296,0.11594032173990317
22151,0.11594032173990317
18432,0.11594032173990317
34642,0.11594032173990317
10280,0.11594032173990317
13925,0.11594032173990317
17578,0.11594032173990317
30113,0.11594032173990317
17917,0.1160820015801189
22638,0.1160820015801189
62231,0.11789587571993283
11579,0.11789587571993283
16117,0.12243837359425902
35488,0.12243837359425902
10009,0.12243837359425902
17999,0.12243837359425902
11124,0.12243837359425902
25535,0.12243837359425902
13172,0.12243837359425902
47615,0.12243837359425902
11215,0.12243837359425902
20632,0.12243837359425902
23905,0.133779851369263
12315,0.133779851369263
30678,0.133779851369263
26842,0.133779851369263
11941,0.133779851369263
35036,0.1357734841793808
11150,0.1357734841793808
12148,0.1357734841793808
11818,0.18664272561875414
11770,0.18664272561875414
10585,0.18664272561875414
12956,0.18664272561875414
15328,0.18664272561875414
11704,0.18664272561875414
10990,0.10649250769932629
15541,0.0400126735713678
12524,0.16177102061124252
24989,0.16177102061124252
17085,0.16177102061124252
10321,0.16177102061124252
19652,0.16177102061124252
15954,0.16177102061124252
11818,0.16177102061124252
12242,0.1451400299504865
10566,0.1451400299504865
14084,0.1451400299504865
42269,0.1451400299504865
29866,0.1451400299504865
10025,0.1451400299504865
35482,0.1451400299504865
12166,0.1451400299504865
12644,0.1451400299504865
18815,0.14054377189283015
11646,0.09117617022606211
14125,0.09117617022606211
10879,0.09117617022606211
36566,0.09117617022606211
13210,0.09117617022606211
14588,0.09117617022606211
17682,0.09117617022606211
19523,0.09117617022606211
26922,0.09117617022606211
11231,0.24046106373263862
12624,0.0630276522867737
10569,0.0630276522867737
37432,0.0630276522867737
11927,0.12652959984367448
25277,0.12652959984367448
15083,0.12652959984367448
15694,0.12652959984367448
32094,0.12652959984367448
46260,0.12652959984367448
25844,0.13775554306284787
13207,0.13775554306284787
47705,0.15460178543189537
10978,0.15460178543189537
13843,0.15460178543189537
12728,0.15460178543189537
10935,0.15460178543189537
24004,0.15460178543189537
20427,0.17717863017420268
12139,0.17717863017420268
12469,0.17717863017420268
10390,0.21502140771733988
11797,0.21502140771733988
17716,0.21502140771733988
19560,0.21502140771733988
13965,0.21502140771733988
12280,0.1413750898859419
11463,0.1413750898859419
18767,0.1413750898859419
29177,0.1413750898859419
12774,0.2613061258991897
24574,0.2613061258991897
27081,0.2613061258991897
15625,0.21485323820355498
14968,0.21485323820355498
36434,0.21485323820355498
11761,0.21485323820355498
10801,0.2877234061990865
1671,0.1164361160294568
648,0.1164361160294568
1021,0.1164361160294568
1659,0.1164361160294568
1537,0.1164361160294568
1561,0.1413288212041294
1772,0.1413288212041294
1665,0.1413288212041294
1334,0.1330885069686517
1331,0.1330885069686517
1953,0.1330885069686517
1039,0.20598070842284696
1723,0.20598070842284696
1452,0.20598070842284696
1592,0.0962120795808031
1694,0.13528138368127676
1094,0.1313081755645249
1126,0.18113195761526277
1607,0.18113195761526277
1609,0.18113195761526277
1532,0.18113195761526277
378,0.18113195761526277
1557,0.18113195761526277
725,0.18113195761526277
1501,0.18113195761526277
1592,0.18113195761526277
1775,0.18113195761526277
1753,0.18113195761526277
1604,0.18113195761526277
845,0.18113195761526277
705,0.18113195761526277
1162,0.18113195761526277
1514,0.18113195761526277
1432,0.18113195761526277
1739,0.18113195761526277
1931,0.18113195761526277
754,0.18113195761526277
1502,0.18113195761526277
1146,0.18113195761526277
520,0.18113195761526277
795,0.18113195761526277
535,0.18113195761526277
567,0.18113195761526277
1755,0.18113195761526277
322,0.18113195761526277
908,0.18113195761526277
789,0.18113195761526277
914,0.18113195761526277
699,0.18113195761526277
353,0.18113195761526277
570,0.18113195761526277
638,0.18113195761526277
681,0.18113195761526277
463,0.18113195761526277
1147,0.18113195761526277
1496,0.18113195761526277
1453,0.18113195761526277
1300,0.18113195761526277
1381,0.18113195761526277
590,0.18113195761526277
923,0.18113195761526277
1497,0.18113195761526277
1840,0.18113195761526277
790,0.18113195761526277
1231,0.18113195761526277
622,0.18113195761526277
1729,0.18113195761526277
679,0.18113195761526277
1204,0.18113195761526277
992,0.18113195761526277
889,0.18113195761526277
906,0.18113195761526277
575,0.18113195761526277
1011,0.18113195761526277
1400,0.18113195761526277
1559,0.18113195761526277
1471,0.18113195761526277
1040,0.18113195761526277
1192,0.18113195761526277
1011,0.18113195761526277
541,0.18113195761526277
400,0.18113195761526277
1846,0.18113195761526277
786,0.18113195761526277
1235,0.18113195761526277
861,0.18113195761526277
1391,0.18113195761526277
761,0.18113195761526277
1027,0.18113195761526277
335,0.18113195761526277
1656,0.18113195761526277
1771,0.18113195761526277
1231,0.18113195761526277
1004,0.18113195761526277
1865,0.18113195761526277
978,0.18113195761526277
1894,0.18113195761526277
1045,0.18113195761526277
1341,0.18113195761526277
1828,0.18113195761526277
734,0.18113195761526277
1086,0.18113195761526277
1476,0.18113195761526277
366,0.18113195761526277
1253,0.18113195761526277
381,0.18113195761526277
376,0.18113195761526277
387,0.18113195761526277
460,0.18113195761526277
620,0.18113195761526277
1395,0.18113195761526277
1506,0.18113195761526277
1373,0.18113195761526277
1645,0.18113195761526277
1596,0.18113195761526277
1194,0.18113195761526277
1203,0.18113195761526277
687,0.09476838658257859
1398,0.09476838658257859
813,0.12388868904273083
1791,0.12388868904273083
553,0.12388868904273083
775,0.12388868904273083
701,0.12388868904273083
1408,0.12388868904273083
321,0.12388868904273083
692,0.12388868904273083
1832,0.11330559435987864
1697,0.11330559435987864
1913,0.11330559435987864
1038,0.11330559435987864
967,0.11330559435987864
313,0.11330559435987864
891,0.11330559435987864
1592,0.11330559435987864
1471,0.11330559435987864
1688,0.11330559435987864
1058,0.11330559435987864
1130,0.11330559435987864
1512,0.17437545563607337
1068,0.17437545563607337
293,0.17437545563607337
1270,0.17437545563607337
522,0.17437545563607337
1423,0.17437545563607337
1807,0.17437545563607337
671,0.17437545563607337
1591,0.17437545563607337
725,0.17437545563607337
1300,0.17437545563607337
427,0.17437545563607337
544,0.17437545563607337
491,0.17437545563607337
1532,0.1474760059623549
1634,0.1474760059623549
1822,0.149393639813656
1229,0.12743864651702666
1572,0.12743864651702666
709,0.10815383935419641
464,0.10815383935419641
927,0.10815383935419641
1385,0.1198368912286107
622,0.1198368912286107
779,0.1198368912286107
1521,0.1198368912286107
1734,0.1198368912286107
408,0.1198368912286107
969,0.1198368912286107
478,0.1198368912286107
1850,0.1198368912286107
791,0.1198368912286107
352,0.1198368912286107
854,0.1198368912286107
1006,0.1198368912286107
524,0.1198368912286107
794,0.1198368912286107
1086,0.1198368912286107
1244,0.1198368912286107
1719,0.1198368912286107
1201,0.1198368912286107
1250,0.1198368912286107
1137,0.1198368912286107
946,0.1198368912286107
1751,0.1198368912286107
1431,0.1198368912286107
1084,0.1198368912286107
1690,0.1198368912286107
1026,0.1198368912286107
1786,0.1198368912286107
1212,0.1198368912286107
1039,0.12832186520813396
1723,0.12832186520813396
1056,0.12832186520813396
437,0.12832186520813396
1634,0.11538751728791984
1673,0.11538751728791984
1340,0.11538751728791984
624,0.10329100137074815
641,0.10329100137074815
545,0.10329100137074815
464,0.10329100137074815
362,0.10329100137074815
840,0.10329100137074815
543,0.10329100137074815
292,0.10329100137074815
641,0.10329100137074815
509,0.10329100137074815
1385,0.12739121877739287
1712,0.12739121877739287
1712,0.12739121877739287
1737,0.11550184776502688
1617,0.08343828451073142
1822,0.10968570046449651
1408,0.10968570046449651
1692,0.10968570046449651
669,0.10968570046449651
866,0.10968570046449651
716,0.10968570046449651
972,0.10968570046449651
1113,0.10968570046449651
1322,0.10968570046449651
1872,0.10968570046449651
1603,0.10968570046449651
990,0.15087977400015987
1507,0.15087977400015987
1748,0.15087977400015987
1192,0.15087977400015987
1389,0.15087977400015987
1882,0.15087977400015987
1463,0.1322881406251937
954,0.1322881406251937
1173,0.1322881406251937
1443,0.1322881406251937
1809,0.1322881406251937
1724,0.1322881406251937
1485,0.1322881406251937
353,0.1322881406251937
1014,0.1322881406251937
1894,0.1322881406251937
1071,0.1322881406251937
527,0.1322881406251937
1069,0.1322881406251937
956,0.1322881406251937
804,0.1322881406251937
1937,0.1322881406251937
565,0.1322881406251937
1029,0.1322881406251937
1091,0.1322881406251937
652,0.1322881406251937
761,0.1322881406251937
914,0.1322881406251937
834,0.1322881406251937
1052,0.1322881406251937
1406,0.1322881406251937
1396,0.1322881406251937
687,0.1322881406251937
680,0.1322881406251937
1226,0.1322881406251937
728,0.1322881406251937
649,0.1322881406251937
678,0.1322881406251937
1580,0.1322881406251937
1686,0.1322881406251937
1085,0.1322881406251937
1845,0.1322881406251937
366,0.1322881406251937
1895,0.1322881406251937
1147,0.1322881406251937
1661,0.1322881406251937
1430,0.1322881406251937
860,0.1322881406251937
994,0.1322881406251937
741,0.1322881406251937
1363,0.1322881406251937
1931,0.1322881406251937
1079,0.1322881406251937
1152,0.1322881406251937
1091,0.1322881406251937
1609,0.1322881406251937
596,0.1322881406251937
454,0.1322881406251937
351,0.1322881406251937
389,0.1322881406251937
1338,0.1322881406251937
1854,0.1322881406251937
823,0.1322881406251937
1295,0.1322881406251937
817,0.12619566581326694
1541,0.12619566581326694
370,0.12619566581326694
1379,0.12619566581326694
1338,0.12619566581326694
1199,0.12619566581326694
1171,0.12619566581326694
917,0.12619566581326694
989,0.12619566581326694
395,0.12619566581326694
529,0.12619566581326694
647,0.12619566581326694
882,0.12619566581326694
658,0.12619566581326694
1400,0.12619566581326694
1854,0.12619566581326694
1015,0.12619566581326694
625,0.12619566581326694
876,0.12619566581326694
1472,0.12619566581326694
866,0.06286920576192744
1717,0.06286920576192744
979,0.06286920576192744
875,0.06286920576192744
1372,0.06286920576192744
1371,0.06286920576192744
1047,0.06286920576192744
1360,0.06286920576192744
907,0.06286920576192744
1167,0.06286920576192744
1697,0.06286920576192744
1900,0.113784032410296
1564,0.113784032410296
1190,0.113784032410296
1715,0.113784032410296
1678,0.1034643675668128
1230,0.14265495780479373
1567,0.14265495780479373
1370,0.14265495780479373
1941,0.14265495780479373
1170,0.14265495780479373
1647,0.14265495780479373
862,0.14265495780479373
1780,0.14265495780479373
851,0.1526658210039905
1340,0.1526658210039905
382,0.1526658210039905
1660,0.1526658210039905
484,0.1526658210039905
469,0.1526658210039905
913,0.1526658210039905
772,0.1526658210039905
1227,0.1526658210039905
957,0.1526658210039905
1366,0.11594032173990317
1761,0.11594032173990317
294,0.11594032173990317
458,0.11594032173990317
360,0.11594032173990317
1731,0.1160820015801189
643,0.1160820015801189
1887,0.1160820015801189
740,0.1160820015801189
959,0.1160820015801189
1890,0.11789587571993283
1761,0.11789587571993283
1628,0.11789587571993283
1387,0.12243837359425902
1763,0.12243837359425902
1678,0.12243837359425902
1437,0.133779851369263
1131,0.133779851369263
1649,0.133779851369263
752,0.133779851369263
679,0.133779851369263
1725,0.133779851369263
1197,0.133779851369263
727,0.133779851369263
1332,0.133779851369263
573,0.133779851369263
1512,0.133779851369263
1277,0.133779851369263
1855,0.133779851369263
1162,0.1357734841793808
769,0.1357734841793808
1699,0.1357734841793808
1852,0.1357734841793808
1838,0.1357734841793808
1954,0.1357734841793808
1873,0.1357734841793808
1749,0.1357734841793808
285,0.18664272561875414
1027,0.18664272561875414
821,0.18664272561875414
295,0.18664272561875414
369,0.18664272561875414
401,0.18664272561875414
302,0.18664272561875414
450,0.18664272561875414
517,0.18664272561875414
345,0.18664272561875414
785,0.18664272561875414
777,0.18664272561875414
688,0.18664272561875414
1582,0.18664272561875414
1574,0.18664272561875414
293,0.18664272561875414
825,0.18664272561875414
598,0.18664272561875414
378,0.18664272561875414
1786,0.18664272561875414
1110,0.18664272561875414
1044,0.18664272561875414
391,0.18664272561875414
330,0.18664272561875414
455,0.18664272561875414
958,0.18664272561875414
721,0.18664272561875414
295,0.18664272561875414
390,0.18664272561875414
573,0.18664272561875414
930,0.18664272561875414
934,0.18664272561875414
837,0.18664272561875414
667,0.18664272561875414
941,0.18664272561875414
1283,0.18664272561875414
1303,0.18664272561875414
1002,0.18664272561875414
1727,0.18664272561875414
541,0.18664272561875414
1556,0.18664272561875414
1228,0.18664272561875414
1416,0.18664272561875414
546,0.18664272561875414
1941,0.18664272561875414
723,0.18664272561875414
1022,0.18664272561875414
381,0.18664272561875414
1016,0.18664272561875414
453,0.18664272561875414
932,0.18664272561875414
1335,0.18664272561875414
909,0.18664272561875414
873,0.18664272561875414
972,0.18664272561875414
434,0.18664272561875414
405,0.18664272561875414
995,0.18664272561875414
541,0.18664272561875414
622,0.18664272561875414
508,0.18664272561875414
932,0.18664272561875414
647,0.18664272561875414
1952,0.18664272561875414
638,0.18664272561875414
588,0.18664272561875414
392,0.18664272561875414
976,0.18664272561875414
743,0.18664272561875414
558,0.18664272561875414
360,0.18664272561875414
1641,0.18664272561875414
310,0.18664272561875414
931,0.18664272561875414
1175,0.18664272561875414
742,0.18664272561875414
974,0.18664272561875414
391,0.18664272561875414
599,0.18664272561875414
987,0.18664272561875414
718,0.18664272561875414
1054,0.18664272561875414
1585,0.18664272561875414
625,0.18664272561875414
1108,0.18664272561875414
483,0.18664272561875414
894,0.18664272561875414
1495,0.18664272561875414
785,0.18664272561875414
622,0.18664272561875414
1238,0.18664272561875414
432,0.0400126735713678
1832,0.16177102061124252
1772,0.16177102061124252
1252,0.16177102061124252
1892,0.16177102061124252
1703,0.16177102061124252
1690,0.16177102061124252
479,0.16177102061124252
964,0.16177102061124252
817,0.16177102061124252
1654,0.16177102061124252
1803,0.16177102061124252
1699,0.16177102061124252
1405,0.1451400299504865
1209,0.1451400299504865
1868,0.1451400299504865
1564,0.1451400299504865
952,0.1451400299504865
1282,0.1451400299504865
1913,0.1451400299504865
1291,0.1451400299504865
1304,0.1451400299504865
1333,0.1451400299504865
1183,0.1451400299504865
1077,0.1451400299504865
716,0.14054377189283015
444,0.14054377189283015
1321,0.14054377189283015
1831,0.09117617022606211
313,0.09117617022606211
1053,0.09117617022606211
600,0.09117617022606211
372,0.09117617022606211
991,0.09117617022606211
545,0.09117617022606211
681,0.09117617022606211
863,0.09117617022606211
839,0.09117617022606211
1072,0.09117617022606211
335,0.09117617022606211
674,0.09117617022606211
551,0.09117617022606211
388,0.09117617022606211
1530,0.09117617022606211
822,0.09117617022606211
824,0.09117617022606211
581,0.09117617022606211
1578,0.09117617022606211
902,0.09117617022606211
364,0.09117617022606211
1717,0.09117617022606211
1133,0.09117617022606211
1363,0.09117617022606211
355,0.09117617022606211
479,0.09117617022606211
465,0.09117617022606211
433,0.09117617022606211
675,0.09117617022606211
406,0.09117617022606211
720,0.09117617022606211
1742,0.09117617022606211
1784,0.09117617022606211
1204,0.09117617022606211
1274,0.09117617022606211
1192,0.09117617022606211
411,0.09117617022606211
561,0.09117617022606211
1084,0.09117617022606211
776,0.09117617022606211
520,0.09117617022606211
308,0.09117617022606211
509,0.09117617022606211
1342,0.09117617022606211
949,0.09117617022606211
1465,0.09117617022606211
896,0.09117617022606211
873,0.09117617022606211
485,0.09117617022606211
408,0.09117617022606211
597,0.09117617022606211
846,0.09117617022606211
456,0.09117617022606211
395,0.09117617022606211
1199,0.09117617022606211
477,0.09117617022606211
1627,0.09117617022606211
556,0.09117617022606211
512,0.09117617022606211
1193,0.09117617022606211
406,0.09117617022606211
430,0.09117617022606211
566,0.09117617022606211
690,0.09117617022606211
354,0.09117617022606211
1210,0.09117617022606211
521,0.09117617022606211
928,0.09117617022606211
1048,0.09117617022606211
558,0.09117617022606211
654,0.09117617022606211
364,0.09117617022606211
755,0.09117617022606211
1092,0.09117617022606211
482,0.09117617022606211
872,0.09117617022606211
986,0.09117617022606211
880,0.09117617022606211
1313,0.09117617022606211
1605,0.09117617022606211
1931,0.09117617022606211
694,0.09117617022606211
526,0.09117617022606211
365,0.09117617022606211
389,0.09117617022606211
956,0.09117617022606211
497,0.09117617022606211
550,0.09117617022606211
1447,0.09117617022606211
704,0.09117617022606211
383,0.09117617022606211
856,0.09117617022606211
1122,0.09117617022606211
1603,0.24046106373263862
511,0.24046106373263862
1602,0.24046106373263862
1402,0.24046106373263862
1352,0.24046106373263862
1058,0.24046106373263862
1304,0.24046106373263862
1444,0.24046106373263862
963,0.24046106373263862
1684,0.0630276522867737
1357,0.0630276522867737
1593,0.0630276522867737
1104,0.0630276522867737
1140,0.0630276522867737
1422,0.0630276522867737
1474,0.0630276522867737
1135,0.0630276522867737
991,0.0630276522867737
791,0.0630276522867737
1738,0.0630276522867737
872,0.0630276522867737
1185,0.0630276522867737
1130,0.0630276522867737
755,0.12652959984367448
1361,0.12652959984367448
908,0.12652959984367448
1266,0.12652959984367448
1082,0.12652959984367448
1168,0.12652959984367448
1082,0.12652959984367448
1341,0.12652959984367448
1437,0.12652959984367448
1330,0.12652959984367448
1237,0.12652959984367448
1305,0.12652959984367448
1854,0.12652959984367448
1405,0.12652959984367448
1522,0.13775554306284787
1828,0.13775554306284787
1540,0.13775554306284787
1136,0.13775554306284787
700,0.15460178543189537
998,0.15460178543189537
1061,0.15460178543189537
1685,0.15460178543189537
1489,0.17717863017420268
1894,0.17717863017420268
1401,0.17717863017420268
1625,0.17717863017420268
1691,0.17717863017420268
1738,0.17717863017420268
1858,0.21502140771733988
1942,0.21502140771733988
1883,0.21502140771733988
946,0.21502140771733988
878,0.21502140771733988
1569,0.21502140771733988
1525,0.1413750898859419
1199,0.1413750898859419
731,0.1413750898859419
1737,0.1413750898859419
1311,0.1413750898859419
823,0.1413750898859419
1357,0.1413750898859419
1084,0.1413750898859419
722,0.1413750898859419
793,0.1413750898859419
437,0.1413750898859419
1003,0.1413750898859419
1036,0.1413750898859419
977,0.1413750898859419
1272,0.1413750898859419
1526,0.1413750898859419
1633,0.2613061258991897
1777,0.2613061258991897
1203,0.21485323820355498
1062,0.21485323820355498
1608,0.21485323820355498
1028,0.21485323820355498
1342,0.21485323820355498
1839,0.21485323820355498
1867,0.21485323820355498
1834,0.21485323820355498
1478,0.21485323820355498
387,0.21485323820355498
998,0.21485323820355498
955,0.21485323820355498
349,0.21485323820355498
418,0.21485323820355498
1058,0.21485323820355498
1604,0.21485323820355498
1774,0.21485323820355498
628,0.21485323820355498
1344,0.21485323820355498
1517,0.21485323820355498
319,0.21485323820355498
1695,0.21485323820355498
1593,0.21485323820355498
569,0.2877234061990865
1271,0.2877234061990865
485,0.2877234061990865
1920,0.2877234061990865
1554,0.2877234061990865
1385,0.2877234061990865
1813,0.2877234061990865
1659,0.2877234061990865
1752,0.2877234061990865
1658,0.2877234061990865
1885,0.3017157157865102
736,0.3017157157865102
1232,0.3017157157865102
301,0.3017157157865102
22261,0.1330885069686517
9730,0.20598070842284696
6945,0.13528138368127676
6008,0.13528138368127676
20084,0.13528138368127676
5983,0.18113195761526277
3657,0.11330559435987864
12477,0.11330559435987864
4198,0.11330559435987864
3584,0.11330559435987864
6990,0.11330559435987864
11446,0.11330559435987864
5574,0.11330559435987864
10005,0.11330559435987864
6671,0.11330559435987864
9773,0.11330559435987864
6009,0.11330559435987864
4099,0.11330559435987864
7691,0.17437545563607337
10516,0.17437545563607337
8249,0.17437545563607337
3695,0.17437545563607337
22056,0.17437545563607337
4961,0.17437545563607337
4008,0.17437545563607337
5358,0.17437545563607337
5058,0.17437545563607337
8028,0.17437545563607337
3929,0.17437545563607337
8239,0.17437545563607337
6806,0.1474760059623549
10703,0.1474760059623549
4668,0.1474760059623549
6387,0.1474760059623549
4836,0.1474760059623549
8526,0.1474760059623549
3806,0.1474760059623549
11699,0.1474760059623549
4412,0.1474760059623549
4396,0.15035358521767825
12905,0.15035358521767825
6765,0.15035358521767825
3732,0.15035358521767825
5076,0.15035358521767825
3424,0.15035358521767825
6777,0.12412579252716373
4162,0.12412579252716373
4311,0.12412579252716373
5169,0.12412579252716373
6433,0.12412579252716373
29734,0.12412579252716373
3682,0.12412579252716373
4545,0.149393639813656
3267,0.149393639813656
6103,0.149393639813656
7782,0.149393639813656
5574,0.149393639813656
3692,0.149393639813656
3451,0.149393639813656
9383,0.149393639813656
4033,0.149393639813656
6458,0.149393639813656
5925,0.12743864651702666
3633,0.12743864651702666
3681,0.12743864651702666
10247,0.12743864651702666
3486,0.12743864651702666
3636,0.12743864651702666
12291,0.12743864651702666
3732,0.12743864651702666
6280,0.12743864651702666
6646,0.12743864651702666
3560,0.12743864651702666
10827,0.12743864651702666
5280,0.12743864651702666
4812,0.12743864651702666
4730,0.10815383935419641
10424,0.10815383935419641
10293,0.10815383935419641
4532,0.10815383935419641
4942,0.10815383935419641
7101,0.10815383935419641
9097,0.10815383935419641
11551,0.10815383935419641
8402,0.10815383935419641
7012,0.12832186520813396
5249,0.12832186520813396
7624,0.12832186520813396
4308,0.12832186520813396
7564,0.11538751728791984
5246,0.11538751728791984
4789,0.11538751728791984
10286,0.11538751728791984
5123,0.11538751728791984
7944,0.11538751728791984
4894,0.11538751728791984
6947,0.11538751728791984
6336,0.11538751728791984
5244,0.11538751728791984
16941,0.11538751728791984
19676,0.10329100137074815
5816,0.10329100137074815
5904,0.10329100137074815
6337,0.10329100137074815
9771,0.10329100137074815
3570,0.10329100137074815
4961,0.12739121877739287
7075,0.12739121877739287
23971,0.12739121877739287
7585,0.11550184776502688
5811,0.11550184776502688
9066,0.11550184776502688
7709,0.11550184776502688
3286,0.11550184776502688
20350,0.11550184776502688
5477,0.11550184776502688
8270,0.11550184776502688
3712,0.11550184776502688
4085,0.11550184776502688
6177,0.11550184776502688
4954,0.11550184776502688
3777,0.08343828451073142
16084,0.08343828451073142
4534,0.08343828451073142
13254,0.08343828451073142
3342,0.08343828451073142
30963,0.10968570046449651
14930,0.10968570046449651
12288,0.10968570046449651
6799,0.10968570046449651
3866,0.10968570046449651
14617,0.15087977400015987
16437,0.15087977400015987
3674,0.15087977400015987
7453,0.15087977400015987
8591,0.15087977400015987
12926,0.15087977400015987
5944,0.15087977400015987
3292,0.15087977400015987
4375,0.1322881406251937
14000,0.1322881406251937
4307,0.1322881406251937
5093,0.1322881406251937
4049,0.1322881406251937
4576,0.1322881406251937
4522,0.1322881406251937
7250,0.12619566581326694
3461,0.05875880205838282
8287,0.113784032410296
12980,0.113784032410296
4899,0.113784032410296
3592,0.113784032410296
9628,0.113784032410296
6003,0.113784032410296
4732,0.113784032410296
4645,0.113784032410296
11545,0.113784032410296
6599,0.1034643675668128
11595,0.1034643675668128
3574,0.1034643675668128
16530,0.1034643675668128
3425,0.1034643675668128
5957,0.1034643675668128
9602,0.1034643675668128
5035,0.14265495780479373
21327,0.14265495780479373
3251,0.14265495780479373
4323,0.14265495780479373
4374,0.14265495780479373
10455,0.1526658210039905
7158,0.1526658210039905
3419,0.1526658210039905
4745,0.1526658210039905
8921,0.1526658210039905
23252,0.11594032173990317
6447,0.11594032173990317
5079,0.11594032173990317
3845,0.11594032173990317
5845,0.11594032173990317
3264,0.11594032173990317
6357,0.1160820015801189
15711,0.1160820015801189
3637,0.1160820015801189
11383,0.1160820015801189
8534,0.1160820015801189
3689,0.1160820015801189
18569,0.1160820015801189
17303,0.1160820015801189
17861,0.11789587571993283
3361,0.11789587571993283
6539,0.12243837359425902
8610,0.12243837359425902
5603,0.12243837359425902
31471,0.12243837359425902
7007,0.12243837359425902
10369,0.12243837359425902
13557,0.12243837359425902
3247,0.12243837359425902
11395,0.133779851369263
6144,0.133779851369263
3600,0.133779851369263
10042,0.133779851369263
7307,0.133779851369263
5006,0.133779851369263
5712,0.133779851369263
6506,0.133779851369263
3434,0.133779851369263
5198,0.133779851369263
3684,0.133779851369263
4892,0.133779851369263
5490,0.1357734841793808
4098,0.1357734841793808
9380,0.1357734841793808
11965,0.1357734841793808
5315,0.10649250769932629
9317,0.10649250769932629
4631,0.0400126735713678
8450,0.16177102061124252
20396,0.16177102061124252
25640,0.16177102061124252
22197,0.1451400299504865
5593,0.14054377189283015
8226,0.09117617022606211
12028,0.09117617022606211
20599,0.09117617022606211
11151,0.09117617022606211
23101,0.09117617022606211
15152,0.24046106373263862
25549,0.24046106373263862
4705,0.0630276522867737
11085,0.0630276522867737
4299,0.12652959984367448
6553,0.12652959984367448
3965,0.12652959984367448
4364,0.12652959984367448
6679,0.12652959984367448
4378,0.13775554306284787
3481,0.13775554306284787
3719,0.13775554306284787
4035,0.13775554306284787
3847,0.13775554306284787
5720,0.13775554306284787
4736,0.15460178543189537
14903,0.15460178543189537
3961,0.15460178543189537
12652,0.17717863017420268
5169,0.17717863017420268
3303,0.21502140771733988
3943,0.21502140771733988
8417,0.21502140771733988
20834,0.2613061258991897
3288,0.2613061258991897
5763,0.2613061258991897
3632,0.2613061258991897
4722,0.2613061258991897
12650,0.2613061258991897
3689,0.2613061258991897
4608,0.21485323820355498
4442,0.21485323820355498
4315,0.21485323820355498
9905,0.21485323820355498
3289,0.21485323820355498
14371,0.21485323820355498
3667,0.2877234061990865
4028,0.2877234061990865
3365,0.3017157157865102
4017,0.3017157157865102
230,0.1413288212041294
576,0.20598070842284696
515,0.20598070842284696
494,0.20598070842284696
416,0.20598070842284696
630,0.20598070842284696
156,0.20598070842284696
209,0.20598070842284696
335,0.20598070842284696
419,0.20598070842284696
508,0.20598070842284696
184,0.20598070842284696
468,0.21982000610623695
704,0.21982000610623695
533,0.21982000610623695
495,0.0962120795808031
494,0.0962120795808031
260,0.0962120795808031
429,0.0962120795808031
603,0.0962120795808031
433,0.0962120795808031
594,0.13528138368127676
363,0.13528138368127676
681,0.13528138368127676
214,0.13528138368127676
263,0.13528138368127676
780,0.1313081755645249
700,0.1313081755645249
465,0.1313081755645249
551,0.1313081755645249
495,0.1313081755645249
500,0.1313081755645249
449,0.1313081755645249
334,0.1313081755645249
568,0.056381742323081935
494,0.056381742323081935
545,0.056381742323081935
523,0.18113195761526277
752,0.18113195761526277
600,0.13399591320188095
488,0.13399591320188095
517,0.13399591320188095
542,0.13399591320188095
321,0.13399591320188095
736,0.09476838658257859
352,0.2169470249466726
366,0.2169470249466726
307,0.2169470249466726
245,0.2169470249466726
280,0.2169470249466726
407,0.2169470249466726
239,0.2169470249466726
424,0.2169470249466726
667,0.11330559435987864
536,0.11330559435987864
640,0.11330559435987864
532,0.11330559435987864
718,0.11330559435987864
323,0.11330559435987864
675,0.11330559435987864
585,0.11330559435987864
460,0.11330559435987864
260,0.11330559435987864
365,0.11330559435987864
252,0.11330559435987864
483,0.11330559435987864
447,0.11330559435987864
628,0.11330559435987864
759,0.17437545563607337
470,0.17437545563607337
659,0.17437545563607337
447,0.17437545563607337
479,0.17437545563607337
404,0.17437545563607337
513,0.17437545563607337
376,0.17437545563607337
581,0.17437545563607337
417,0.17437545563607337
234,0.1474760059623549
716,0.1474760059623549
727,0.1474760059623549
544,0.1474760059623549
531,0.1474760059623549
531,0.1474760059623549
419,0.1474760059623549
554,0.1474760059623549
563,0.1474760059623549
440,0.1474760059623549
741,0.1474760059623549
750,0.1474760059623549
638,0.1474760059623549
737,0.15035358521767825
290,0.15035358521767825
712,0.15035358521767825
505,0.15035358521767825
712,0.15035358521767825
593,0.15035358521767825
225,0.15035358521767825
211,0.12412579252716373
753,0.12412579252716373
314,0.12412579252716373
285,0.12412579252716373
653,0.12412579252716373
419,0.12412579252716373
402,0.12412579252716373
717,0.12412579252716373
705,0.12412579252716373
640,0.12412579252716373
641,0.12412579252716373
589,0.12412579252716373
333,0.149393639813656
615,0.149393639813656
337,0.149393639813656
537,0.149393639813656
409,0.149393639813656
586,0.149393639813656
544,0.149393639813656
543,0.149393639813656
587,0.149393639813656
467,0.149393639813656
719,0.12743864651702666
270,0.12743864651702666
360,0.12743864651702666
296,0.12743864651702666
377,0.12743864651702666
319,0.10815383935419641
673,0.10815383935419641
278,0.10815383935419641
345,0.10815383935419641
479,0.10815383935419641
716,0.1198368912286107
716,0.1198368912286107
615,0.1198368912286107
720,0.1198368912286107
700,0.09315118208529416
273,0.09315118208529416
667,0.09315118208529416
613,0.09315118208529416
440,0.12832186520813396
468,0.12832186520813396
366,0.12832186520813396
365,0.12832186520813396
531,0.12832186520813396
330,0.12832186520813396
462,0.12832186520813396
429,0.12832186520813396
645,0.12832186520813396
551,0.11538751728791984
637,0.11538751728791984
634,0.11538751728791984
724,0.11538751728791984
276,0.11538751728791984
592,0.11538751728791984
765,0.10329100137074815
569,0.10329100137074815
510,0.10329100137074815
577,0.12739121877739287
685,0.12739121877739287
487,0.11550184776502688
391,0.11550184776502688
331,0.11550184776502688
183,0.11550184776502688
368,0.11550184776502688
314,0.11550184776502688
632,0.11550184776502688
710,0.11550184776502688
398,0.08343828451073142
736,0.10968570046449651
450,0.10968570046449651
708,0.10968570046449651
391,0.10968570046449651
264,0.15087977400015987
650,0.15087977400015987
420,0.15087977400015987
745,0.15087977400015987
516,0.1322881406251937
505,0.1322881406251937
673,0.1322881406251937
454,0.1322881406251937
706,0.1322881406251937
337,0.1322881406251937
340,0.1322881406251937
767,0.1322881406251937
704,0.1322881406251937
567,0.05875880205838282
570,0.05875880205838282
482,0.05875880205838282
425,0.05875880205838282
412,0.05875880205838282
768,0.05875880205838282
193,0.113784032410296
244,0.113784032410296
751,0.113784032410296
622,0.113784032410296
758,0.113784032410296
708,0.113784032410296
506,0.113784032410296
261,0.113784032410296
437,0.1034643675668128
757,0.1034643675668128
637,0.1034643675668128
275,0.1034643675668128
697,0.1034643675668128
746,0.1034643675668128
598,0.1034643675668128
694,0.1034643675668128
753,0.14265495780479373
715,0.14265495780479373
244,0.14265495780479373
591,0.14265495780479373
465,0.14265495780479373
423,0.1526658210039905
753,0.1526658210039905
547,0.1526658210039905
599,0.1526658210039905
368,0.1526658210039905
752,0.1526658210039905
672,0.11594032173990317
692,0.11594032173990317
608,0.11594032173990317
360,0.11594032173990317
650,0.1160820015801189
425,0.1160820015801189
459,0.1160820015801189
335,0.1160820015801189
438,0.11789587571993283
411,0.11789587571993283
778,0.11789587571993283
421,0.11789587571993283
339,0.12243837359425902
667,0.12243837359425902
464,0.12243837359425902
468,0.12243837359425902
581,0.133779851369263
690,0.133779851369263
313,0.18664272561875414
284,0.18664272561875414
172,0.18664272561875414
194,0.18664272561875414
211,0.18664272561875414
303,0.18664272561875414
304,0.18664272561875414
290,0.18664272561875414
183,0.18664272561875414
149,0.18664272561875414
252,0.18664272561875414
171,0.18664272561875414
237,0.18664272561875414
158,0.18664272561875414
192,0.18664272561875414
260,0.18664272561875414
481,0.18664272561875414
335,0.18664272561875414
297,0.18664272561875414
356,0.18664272561875414
398,0.18664272561875414
512,0.18664272561875414
556,0.18664272561875414
512,0.18664272561875414
491,0.18664272561875414
599,0.18664272561875414
605,0.0400126735713678
625,0.0400126735713678
486,0.13775554306284787
400,0.13775554306284787
778,0.13775554306284787
737,0.1413750898859419
14377,0.1164361160294568
44399,0.1164361160294568
55696,0.1164361160294568
11457,0.1164361160294568
10443,0.1164361160294568
10145,0.1164361160294568
11524,0.1413288212041294
24445,0.1413288212041294
33572,0.1330885069686517
29537,0.1330885069686517
36742,0.1330885069686517
19456,0.1330885069686517
27766,0.20598070842284696
18520,0.20598070842284696
34068,0.20598070842284696
44628,0.20598070842284696
12229,0.20598070842284696
23067,0.20598070842284696
37978,0.21982000610623695
12543,0.21982000610623695
15620,0.21982000610623695
19139,0.21982000610623695
24469,0.21982000610623695
15207,0.21982000610623695
10640,0.21982000610623695
44602,0.21982000610623695
47047,0.21982000610623695
17633,0.21982000610623695
9904,0.21982000610623695
9383,0.21982000610623695
9123,0.21982000610623695
12044,0.21982000610623695
37982,0.0962120795808031
18491,0.0962120795808031
9441,0.0962120795808031
29066,0.0962120795808031
38677,0.0962120795808031
11645,0.0962120795808031
38527,0.0962120795808031
18853,0.0962120795808031
32897,0.0962120795808031
16297,0.13528138368127676
66519,0.13528138368127676
14166,0.13528138368127676
23805,0.13528138368127676
11574,0.1313081755645249
21653,0.1313081755645249
10305,0.056381742323081935
30996,0.056381742323081935
14994,0.056381742323081935
16502,0.056381742323081935
26428,0.18113195761526277
14882,0.18113195761526277
14169,0.18113195761526277
9794,0.18113195761526277
17400,0.13399591320188095
11409,0.13399591320188095
14954,0.09476838658257859
18156,0.09476838658257859
12540,0.09476838658257859
63518,0.09476838658257859
9661,0.09476838658257859
58633,0.09476838658257859
29843,0.09476838658257859
16824,0.09476838658257859
33143,0.09476838658257859
26708,0.09476838658257859
58185,0.096417735378864
24040,0.096417735378864
12215,0.2169470249466726
11623,0.2169470249466726
10903,0.2169470249466726
44019,0.12388868904273083
14123,0.12388868904273083
17066,0.12388868904273083
10384,0.12388868904273083
64881,0.12388868904273083
12803,0.12388868904273083
36798,0.12388868904273083
18321,0.12388868904273083
24290,0.12388868904273083
14276,0.11330559435987864
41969,0.11330559435987864
33126,0.11330559435987864
15004,0.11330559435987864
11423,0.11330559435987864
9248,0.11330559435987864
15502,0.11330559435987864
11179,0.11330559435987864
9328,0.11330559435987864
32124,0.11330559435987864
12238,0.17437545563607337
12312,0.17437545563607337
16643,0.17437545563607337
29572,0.17437545563607337
9061,0.17437545563607337
11859,0.1474760059623549
9689,0.1474760059623549
9433,0.1474760059623549
27242,0.1474760059623549
12564,0.1474760059623549
12265,0.15035358521767825
17688,0.15035358521767825
68109,0.15035358521767825
9619,0.15035358521767825
10816,0.12412579252716373
11893,0.12412579252716373
43074,0.12412579252716373
14447,0.12412579252716373
35163,0.12412579252716373
13622,0.149393639813656
34876,0.149393639813656
9136,0.149393639813656
9456,0.149393639813656
12582,0.149393639813656
11926,0.149393639813656
62101,0.12743864651702666
20271,0.12743864651702666
13265,0.12743864651702666
15134,0.12743864651702666
54714,0.12743864651702666
15575,0.12743864651702666
13576,0.10815383935419641
9571,0.10815383935419641
10322,0.10815383935419641
10710,0.10815383935419641
22246,0.10815383935419641
14611,0.10815383935419641
10771,0.10815383935419641
19218,0.1198368912286107
14885,0.1198368912286107
13531,0.1198368912286107
23362,0.1198368912286107
10827,0.1198368912286107
32732,0.1198368912286107
36589,0.1198368912286107
19930,0.10158021715517766
11526,0.10158021715517766
35118,0.10158021715517766
15993,0.10158021715517766
54612,0.10158021715517766
19344,0.10158021715517766
17145,0.09315118208529416
14102,0.09315118208529416
45133,0.09315118208529416
13479,0.09315118208529416
11712,0.09315118208529416
15269,0.09315118208529416
11859,0.12832186520813396
10825,0.12832186520813396
26752,0.12832186520813396
39054,0.12832186520813396
9311,0.12832186520813396
18323,0.12832186520813396
46190,0.12832186520813396
41376,0.12832186520813396
24728,0.12832186520813396
28349,0.11538751728791984
32212,0.11538751728791984
27399,0.11538751728791984
30790,0.11538751728791984
45264,0.11538751728791984
70219,0.11538751728791984
17436,0.11538751728791984
31968,0.11538751728791984
11827,0.11538751728791984
9091,0.11538751728791984
26209,0.11538751728791984
15779,0.11538751728791984
20640,0.10329100137074815
13304,0.10329100137074815
16898,0.10329100137074815
32917,0.10329100137074815
17821,0.10329100137074815
9753,0.12739121877739287
19579,0.12739121877739287
55904,0.12739121877739287
53024,0.12739121877739287
18893,0.12739121877739287
54247,0.12739121877739287
46107,0.12739121877739287
29336,0.12739121877739287
9718,0.12739121877739287
72540,0.12739121877739287
18231,0.11550184776502688
18139,0.11550184776502688
17540,0.11550184776502688
10587,0.11550184776502688
9916,0.11550184776502688
10965,0.11550184776502688
13447,0.11550184776502688
26229,0.11550184776502688
11689,0.11550184776502688
16827,0.11550184776502688
14756,0.11550184776502688
9809,0.08343828451073142
9634,0.08343828451073142
10119,0.08343828451073142
10564,0.10968570046449651
9441,0.10968570046449651
13663,0.10968570046449651
25831,0.10968570046449651
27634,0.15087977400015987
17886,0.1322881406251937
20916,0.12619566581326694
21395,0.06286920576192744
15967,0.06286920576192744
11698,0.05875880205838282
15561,0.14265495780479373
9859,0.1526658210039905
9704,0.1526658210039905
13034,0.1526658210039905
66087,0.1526658210039905
12899,0.1526658210039905
21185,0.11594032173990317
18172,0.11594032173990317
9279,0.1160820015801189
41507,0.11789587571993283
14595,0.11789587571993283
41127,0.11789587571993283
10164,0.11789587571993283
24161,0.12243837359425902
31926,0.12243837359425902
9051,0.133779851369263
13266,0.1357734841793808
63480,0.1357734841793808
9653,0.1357734841793808
12167,0.18664272561875414
23581,0.10649250769932629
22223,0.10649250769932629
10814,0.10649250769932629
12771,0.1451400299504865
9078,0.1451400299504865
12074,0.09117617022606211
12592,0.12652959984367448
27595,0.12652959984367448
19662,0.13775554306284787
35879,0.13775554306284787
11677,0.13775554306284787
9103,0.17717863017420268
10092,0.17717863017420268
1426,0.1413288212041294
1081,0.0962120795808031
1162,0.0962120795808031
1174,0.0962120795808031
1040,0.1313081755645249
1120,0.056381742323081935
908,0.056381742323081935
886,0.09476838658257859
516,0.09476838658257859
1220,0.09476838658257859
1399,0.09476838658257859
645,0.09476838658257859
1441,0.09476838658257859
1228,0.09476838658257859
1066,0.09476838658257859
1367,0.2169470249466726
350,0.12388868904273083
556,0.12388868904273083
761,0.12388868904273083
376,0.12388868904273083
407,0.12388868904273083
640,0.12388868904273083
1437,0.11330559435987864
725,0.1474760059623549
1206,0.1474760059623549
712,0.12412579252716373
1426,0.149393639813656
1037,0.149393639813656
659,0.149393639813656
1189,0.149393639813656
1261,0.1198368912286107
1391,0.09315118208529416
1392,0.11538751728791984
1091,0.11538751728791984
845,0.12739121877739287
878,0.11550184776502688
1175,0.11550184776502688
472,0.11550184776502688
1339,0.11550184776502688
702,0.11550184776502688
1110,0.11550184776502688
634,0.11550184776502688
302,0.11550184776502688
731,0.11550184776502688
592,0.11550184776502688
899,0.08343828451073142
1181,0.10968570046449651
947,0.10968570046449651
1031,0.10968570046449651
1369,0.10968570046449651
1278,0.10968570046449651
1014,0.10968570046449651
793,0.10968570046449651
1124,0.10968570046449651
847,0.10968570046449651
1157,0.05875880205838282
944,0.113784032410296
1157,0.113784032410296
1411,0.113784032410296
957,0.113784032410296
948,0.1034643675668128
804,0.1034643675668128
1369,0.1034643675668128
350,0.14265495780479373
561,0.14265495780479373
407,0.14265495780479373
713,0.1526658210039905
767,0.1526658210039905
635,0.1526658210039905
605,0.1526658210039905
1194,0.1526658210039905
1029,0.1526658210039905
947,0.1526658210039905
697,0.1526658210039905
801,0.11594032173990317
651,0.11594032173990317
673,0.11594032173990317
437,0.11594032173990317
1409,0.11594032173990317
829,0.11594032173990317
947,0.11594032173990317
1043,0.11594032173990317
1180,0.11594032173990317
1330,0.11594032173990317
1074,0.11594032173990317
628,0.1160820015801189
954,0.1160820015801189
778,0.11789587571993283
814,0.11789587571993283
751,0.12243837359425902
1320,0.12243837359425902
1386,0.133779851369263
735,0.133779851369263
1276,0.133779851369263
820,0.133779851369263
1257,0.1357734841793808
1239,0.1357734841793808
718,0.1357734841793808
1261,0.18664272561875414
1418,0.18664272561875414
901,0.10649250769932629
876,0.10649250769932629
708,0.10649250769932629
1127,0.10649250769932629
1202,0.10649250769932629
655,0.0400126735713678
872,0.16177102061124252
1047,0.16177102061124252
465,0.16177102061124252
948,0.16177102061124252
716,0.16177102061124252
805,0.16177102061124252
1353,0.16177102061124252
963,0.16177102061124252
1096,0.16177102061124252
1047,0.1451400299504865
1381,0.1451400299504865
1220,0.1451400299504865
1129,0.1451400299504865
775,0.1451400299504865
711,0.14054377189283015
1071,0.14054377189283015
666,0.14054377189283015
682,0.14054377189283015
533,0.14054377189283015
1092,0.14054377189283015
1073,0.14054377189283015
507,0.14054377189283015
669,0.14054377189283015
1417,0.14054377189283015
969,0.14054377189283015
756,0.14054377189283015
596,0.14054377189283015
1254,0.09117617022606211
1381,0.09117617022606211
1203,0.09117617022606211
1258,0.24046106373263862
1311,0.24046106373263862
1365,0.24046106373263862
972,0.0630276522867737
1366,0.12652959984367448
973,0.13775554306284787
653,0.13775554306284787
683,0.13775554306284787
1194,0.13775554306284787
947,0.15460178543189537
1239,0.15460178543189537
998,0.15460178543189537
808,0.15460178543189537
900,0.15460178543189537
823,0.15460178543189537
741,0.15460178543189537
432,0.17717863017420268
391,0.17717863017420268
433,0.17717863017420268
661,0.17717863017420268
1003,0.21502140771733988
576,0.21502140771733988
893,0.21502140771733988
1053,0.21502140771733988
903,0.21502140771733988
1201,0.21502140771733988
635,0.21502140771733988
292,0.21502140771733988
1270,0.21502140771733988
814,0.21502140771733988
641,0.21502140771733988
373,0.21502140771733988
512,0.21502140771733988
976,0.21502140771733988
939,0.1413750898859419
512,0.1413750898859419
1237,0.1413750898859419
396,0.1413750898859419
266,0.1413750898859419
475,0.1413750898859419
358,0.1413750898859419
278,0.1413750898859419
350,0.1413750898859419
704,0.1413750898859419
364,0.1413750898859419
851,0.2613061258991897
643,0.2613061258991897
818,0.2613061258991897
1195,0.2613061258991897
993,0.2613061258991897
539,0.2613061258991897
1110,0.2613061258991897
772,0.2613061258991897
1002,0.2613061258991897
602,0.2613061258991897
1246,0.21485323820355498
1027,0.21485323820355498
671,0.21485323820355498
806,0.21485323820355498
437,0.21485323820355498
444,0.21485323820355498
907,0.21485323820355498
833,0.21485323820355498
337,0.21485323820355498
350,0.21485323820355498
322,0.21485323820355498
885,0.21485323820355498
548,0.21485323820355498
461,0.21485323820355498
795,0.21485323820355498
398,0.21485323820355498
962,0.21485323820355498
796,0.21485323820355498
492,0.21485323820355498
1227,0.21485323820355498
927,0.21485323820355498
498,0.2877234061990865
411,0.2877234061990865
393,0.2877234061990865
332,0.2877234061990865
608,0.2877234061990865
805,0.2877234061990865
1079,0.2877234061990865
592,0.2877234061990865
440,0.2877234061990865
472,0.2877234061990865
432,0.2877234061990865
920,0.2877234061990865
283,0.2877234061990865
430,0.2877234061990865
486,0.2877234061990865
1162,0.2877234061990865
512,0.2877234061990865
967,0.2877234061990865
196147,0.1164361160294568
196896,0.1413288212041294
301257,0.1413288212041294
116081,0.1330885069686517
102242,0.20598070842284696
40377,0.21982000610623695
66210,0.056381742323081935
123991,0.13399591320188095
73294,0.13399591320188095
361910,0.09476838658257859
244365,0.09476838658257859
209097,0.09476838658257859
216691,0.096417735378864
230725,0.096417735378864
63664,0.096417735378864
89335,0.12388868904273083
192580,0.12388868904273083
43639,0.12388868904273083
72842,0.11330559435987864
79923,0.17437545563607337
43268,0.17437545563607337
165926,0.1474760059623549
74736,0.1474760059623549
134341,0.1474760059623549
196164,0.1474760059623549
61106,0.1474760059623549
54617,0.1474760059623549
237214,0.1474760059623549
225088,0.1474760059623549
130266,0.15035358521767825
73565,0.15035358521767825
114772,0.15035358521767825
46523,0.15035358521767825
217936,0.15035358521767825
300761,0.12412579252716373
171478,0.149393639813656
51498,0.149393639813656
70838,0.149393639813656
42433,0.149393639813656
51195,0.12743864651702666
43228,0.12743864651702666
183997,0.12743864651702666
49613,0.12743864651702666
114712,0.12743864651702666
357302,0.12743864651702666
185095,0.12743864651702666
158171,0.12743864651702666
286890,0.10815383935419641
97437,0.10815383935419641
140523,0.10815383935419641
235184,0.10815383935419641
43834,0.10815383935419641
36859,0.1198368912286107
153886,0.1198368912286107
305520,0.1198368912286107
296886,0.1198368912286107
101733,0.10158021715517766
85892,0.10158021715517766
73229,0.09315118208529416
110638,0.09315118208529416
202045,0.12832186520813396
155697,0.12832186520813396
133421,0.12832186520813396
48108,0.12832186520813396
37159,0.12832186520813396
106961,0.11538751728791984
35783,0.11538751728791984
150937,0.11538751728791984
95510,0.11538751728791984
119406,0.11538751728791984
164188,0.10329100137074815
67940,0.10329100137074815
48960,0.12739121877739287
254203,0.12739121877739287
54067,0.12739121877739287
109346,0.12739121877739287
225074,0.12739121877739287
93959,0.11550184776502688
203926,0.11550184776502688
113617,0.11550184776502688
127778,0.11550184776502688
147573,0.11550184776502688
103262,0.08343828451073142
268489,0.08343828451073142
134785,0.08343828451073142
115682,0.08343828451073142
274878,0.08343828451073142
61856,0.10968570046449651
64760,0.10968570046449651
67655,0.10968570046449651
54978,0.10968570046449651
110926,0.10968570046449651
201747,0.10968570046449651
54074,0.10968570046449651
60403,0.15087977400015987
37957,0.15087977400015987
70332,0.15087977400015987
176160,0.15087977400015987
98012,0.15087977400015987
112025,0.15087977400015987
87461,0.15087977400015987
108015,0.1322881406251937
81067,0.1322881406251937
193979,0.1322881406251937
46381,0.1322881406251937
75061,0.12619566581326694
217137,0.12619566581326694
58201,0.12619566581326694
135058,0.12619566581326694
54447,0.12619566581326694
144702,0.12619566581326694
45243,0.06286920576192744
43444,0.06286920576192744
248491,0.06286920576192744
65141,0.06286920576192744
139452,0.06286920576192744
59992,0.05875880205838282
100424,0.05875880205838282
54644,0.05875880205838282
146246,0.05875880205838282
72242,0.05875880205838282
84341,0.113784032410296
39056,0.113784032410296
73136,0.113784032410296
37889,0.1034643675668128
343673,0.1034643675668128
129044,0.1034643675668128
38083,0.1034643675668128
123827,0.1034643675668128
39280,0.1034643675668128
55648,0.1034643675668128
329805,0.14265495780479373
249136,0.14265495780479373
231996,0.14265495780479373
142991,0.14265495780479373
260200,0.14265495780479373
45647,0.14265495780479373
266741,0.14265495780479373
76153,0.14265495780479373
72930,0.14265495780479373
113513,0.1526658210039905
66073,0.1526658210039905
61761,0.1526658210039905
45349,0.1526658210039905
62570,0.1526658210039905
159979,0.1526658210039905
111861,0.1526658210039905
40997,0.11594032173990317
80692,0.11594032173990317
38587,0.11594032173990317
233434,0.11594032173990317
183739,0.11594032173990317
269267,0.11594032173990317
302028,0.11594032173990317
124146,0.11594032173990317
134140,0.11594032173990317
67678,0.11594032173990317
316315,0.1160820015801189
42334,0.1160820015801189
146867,0.1160820015801189
57468,0.1160820015801189
110891,0.1160820015801189
102218,0.1160820015801189
99523,0.1160820015801189
83984,0.11789587571993283
37431,0.11789587571993283
41230,0.12243837359425902
102863,0.12243837359425902
81505,0.12243837359425902
61059,0.133779851369263
63905,0.133779851369263
45598,0.133779851369263
52011,0.133779851369263
230729,0.133779851369263
217112,0.133779851369263
64319,0.1357734841793808
50478,0.1357734841793808
59991,0.1357734841793808
98787,0.1357734841793808
365740,0.1357734841793808
46900,0.1357734841793808
54076,0.18664272561875414
38745,0.18664272561875414
90387,0.18664272561875414
36978,0.18664272561875414
62263,0.18664272561875414
88381,0.18664272561875414
221140,0.18664272561875414
59072,0.10649250769932629
57499,0.10649250769932629
53114,0.10649250769932629
40669,0.10649250769932629
64011,0.10649250769932629
81014,0.0400126735713678
147215,0.0400126735713678
271106,0.0400126735713678
40579,0.0400126735713678
70513,0.0400126735713678
36551,0.16177102061124252
207424,0.1451400299504865
253306,0.1451400299504865
76166,0.1451400299504865
231883,0.1451400299504865
55042,0.14054377189283015
110262,0.14054377189283015
179161,0.14054377189283015
60408,0.14054377189283015
41304,0.14054377189283015
100528,0.09117617022606211
359671,0.09117617022606211
52391,0.24046106373263862
165987,0.24046106373263862
106588,0.24046106373263862
47527,0.24046106373263862
68896,0.0630276522867737
325396,0.0630276522867737
82928,0.0630276522867737
37329,0.0630276522867737
90063,0.0630276522867737
53769,0.0630276522867737
46639,0.0630276522867737
51940,0.12652959984367448
41455,0.12652959984367448
232567,0.12652959984367448
300968,0.13775554306284787
59406,0.13775554306284787
150524,0.13775554306284787
36661,0.13775554306284787
65325,0.13775554306284787
62134,0.13775554306284787
37684,0.13775554306284787
96323,0.15460178543189537
49942,0.17717863017420268
45791,0.17717863017420268
43060,0.17717863017420268
38896,0.17717863017420268
121137,0.17717863017420268
44894,0.17717863017420268
215927,0.21502140771733988
102772,0.21502140771733988
89449,0.21502140771733988
243449,0.21502140771733988
39424,0.1413750898859419
42912,0.1413750898859419
346000,0.1413750898859419
38087,0.1413750898859419
124798,0.2613061258991897
91218,0.2613061258991897
216926,0.2613061258991897
54224,0.2613061258991897
41899,0.2613061258991897
371519,0.2613061258991897
45429,0.2613061258991897
183653,0.2613061258991897
96954,0.21485323820355498
43563,0.21485323820355498
48849,0.21485323820355498
38363,0.21485323820355498
155455,0.2877234061990865
41092,0.2877234061990865
47875,0.2877234061990865
37137,0.2877234061990865
50667,0.3017157157865102
1508,0.1413288212041294
3066,0.1413288212041294
3354,0.1413288212041294
2592,0.1413288212041294
1162,0.1330885069686517
585,0.1330885069686517
611,0.1330885069686517
1046,0.1330885069686517
801,0.1330885069686517
1445,0.20598070842284696
3335,0.20598070842284696
520,0.0962120795808031
548,0.0962120795808031
3183,0.13528138368127676
3596,0.13528138368127676
1910,0.1313081755645249
2506,0.056381742323081935
2065,0.056381742323081935
2821,0.056381742323081935
2787,0.18113195761526277
2301,0.18113195761526277
1845,0.18113195761526277
3393,0.13399591320188095
2889,0.13399591320188095
2597,0.09476838658257859
2030,0.09476838658257859
2489,0.096417735378864
1135,0.096417735378864
2494,0.096417735378864
2687,0.2169470249466726
2926,0.2169470249466726
1828,0.2169470249466726
1507,0.2169470249466726
1856,0.2169470249466726
1409,0.2169470249466726
2044,0.2169470249466726
2824,0.12388868904273083
3372,0.12388868904273083
1978,0.12388868904273083
2330,0.11330559435987864
2301,0.11330559435987864
1677,0.11330559435987864
2009,0.11330559435987864
2258,0.17437545563607337
2266,0.17437545563607337
1670,0.17437545563607337
2531,0.17437545563607337
3452,0.17437545563607337
1559,0.17437545563607337
2826,0.1474760059623549
2039,0.1474760059623549
1080,0.1474760059623549
2370,0.15035358521767825
2155,0.15035358521767825
2437,0.15035358521767825
1654,0.15035358521767825
2153,0.12412579252716373
3082,0.12412579252716373
2319,0.149393639813656
2658,0.149393639813656
3211,0.149393639813656
2013,0.12743864651702666
2199,0.12743864651702666
2327,0.12743864651702666
2486,0.10815383935419641
2652,0.10815383935419641
1922,0.10815383935419641
1396,0.10815383935419641
2239,0.10815383935419641
3139,0.1198368912286107
1290,0.1198368912286107
2699,0.1198368912286107
2719,0.1198368912286107
3281,0.1198368912286107
1958,0.10158021715517766
3360,0.10158021715517766
3553,0.09315118208529416
2088,0.09315118208529416
2469,0.12832186520813396
2078,0.12832186520813396
2486,0.12832186520813396
2735,0.10329100137074815
2787,0.10329100137074815
2306,0.10329100137074815
2584,0.12739121877739287
1642,0.12739121877739287
2611,0.12739121877739287
2019,0.11550184776502688
2886,0.11550184776502688
2553,0.11550184776502688
3350,0.08343828451073142
3285,0.08343828451073142
2727,0.10968570046449651
3532,0.10968570046449651
2520,0.10968570046449651
2328,0.1322881406251937
2868,0.12619566581326694
3373,0.12619566581326694
2489,0.12619566581326694
3282,0.12619566581326694
2733,0.06286920576192744
3173,0.06286920576192744
3486,0.06286920576192744
2575,0.06286920576192744
2646,0.05875880205838282
3043,0.05875880205838282
2676,0.113784032410296
3476,0.113784032410296
3067,0.113784032410296
3419,0.1034643675668128
2730,0.1034643675668128
1605,0.1034643675668128
1699,0.1034643675668128
2204,0.1034643675668128
3484,0.1526658210039905
3279,0.11594032173990317
2688,0.11594032173990317
3306,0.11594032173990317
2793,0.1160820015801189
3318,0.1160820015801189
2536,0.11789587571993283
3434,0.11789587571993283
2955,0.12243837359425902
2751,0.12243837359425902
3400,0.133779851369263
2907,0.133779851369263
2936,0.133779851369263
2432,0.133779851369263
1710,0.133779851369263
1330,0.1357734841793808
1591,0.18664272561875414
3460,0.18664272561875414
2831,0.18664272561875414
1502,0.10649250769932629
3412,0.0400126735713678
1769,0.16177102061124252
3255,0.16177102061124252
3560,0.16177102061124252
3099,0.1451400299504865
3322,0.1451400299504865
2356,0.1451400299504865
2014,0.1451400299504865
2496,0.1451400299504865
2978,0.14054377189283015
2624,0.14054377189283015
2682,0.14054377189283015
3177,0.14054377189283015
1147,0.09117617022606211
3533,0.09117617022606211
1400,0.09117617022606211
2990,0.09117617022606211
1450,0.09117617022606211
3327,0.09117617022606211
2957,0.09117617022606211
3162,0.24046106373263862
2346,0.24046106373263862
1409,0.24046106373263862
2439,0.24046106373263862
2395,0.24046106373263862
1540,0.24046106373263862
2063,0.24046106373263862
2894,0.24046106373263862
3573,0.24046106373263862
2457,0.24046106373263862
2530,0.24046106373263862
2062,0.24046106373263862
1191,0.24046106373263862
1858,0.24046106373263862
3521,0.24046106373263862
1305,0.0630276522867737
1535,0.0630276522867737
1305,0.0630276522867737
2666,0.0630276522867737
3454,0.12652959984367448
1017,0.12652959984367448
3357,0.12652959984367448
2055,0.12652959984367448
1551,0.12652959984367448
2485,0.12652959984367448
1508,0.12652959984367448
1039,0.12652959984367448
2391,0.12652959984367448
3038,0.12652959984367448
1473,0.12652959984367448
2570,0.12652959984367448
1303,0.12652959984367448
3422,0.12652959984367448
1100,0.12652959984367448
1326,0.12652959984367448
1386,0.12652959984367448
1375,0.12652959984367448
1137,0.12652959984367448
2175,0.12652959984367448
1332,0.12652959984367448
2099,0.12652959984367448
1853,0.12652959984367448
2544,0.12652959984367448
781,0.12652959984367448
672,0.12652959984367448
3273,0.12652959984367448
2103,0.13775554306284787
1767,0.13775554306284787
1613,0.13775554306284787
909,0.13775554306284787
1524,0.13775554306284787
2804,0.13775554306284787
1243,0.13775554306284787
2119,0.13775554306284787
1633,0.13775554306284787
2808,0.13775554306284787
1609,0.13775554306284787
2016,0.13775554306284787
1445,0.13775554306284787
3297,0.13775554306284787
1728,0.13775554306284787
3146,0.13775554306284787
3054,0.13775554306284787
1238,0.13775554306284787
1267,0.13775554306284787
973,0.13775554306284787
2556,0.13775554306284787
1672,0.13775554306284787
1513,0.13775554306284787
2005,0.13775554306284787
2631,0.15460178543189537
2000,0.15460178543189537
1850,0.15460178543189537
2566,0.15460178543189537
3486,0.15460178543189537
1367,0.15460178543189537
1827,0.15460178543189537
1974,0.15460178543189537
1373,0.15460178543189537
1540,0.15460178543189537
1901,0.15460178543189537
3537,0.15460178543189537
2376,0.17717863017420268
1445,0.17717863017420268
1098,0.17717863017420268
1719,0.17717863017420268
1700,0.17717863017420268
1747,0.17717863017420268
3099,0.17717863017420268
1830,0.17717863017420268
2799,0.17717863017420268
2037,0.17717863017420268
1990,0.21502140771733988
1951,0.21502140771733988
3002,0.21502140771733988
1623,0.21502140771733988
2644,0.21502140771733988
1228,0.1413750898859419
2090,0.1413750898859419
2510,0.1413750898859419
2412,0.1413750898859419
1579,0.1413750898859419
3519,0.1413750898859419
3167,0.2613061258991897
3595,0.21485323820355498
3457,0.2877234061990865
3576,0.2877234061990865
3587,0.2877234061990865
2903,0.3017157157865102
